{"name":"first_name","identifier":"0P1AJBOJNR","description":null,"slotTypeName":"AMAZON.FirstName","obfuscationSetting":null,"valueElicitationSetting":{"slotConstraint":"Required","defaultValueSpecification":null,"waitAndContinueSpecification":null,"promptSpecification":{"maxRetries":4,"allowInterrupt":true,"messageGroupsList":[{"message":{"imageResponseCard":null,"customPayload":null,"plainTextMessage":{"value":"What is your first name?"},"ssmlMessage":null},"variations":null}]},"sampleUtterances":null},"multipleValuesSetting":null}