{"name":"email","identifier":"ZUOMEEKNRB","description":null,"slotTypeName":"AMAZON.EmailAddress","obfuscationSetting":null,"valueElicitationSetting":{"slotConstraint":"Required","defaultValueSpecification":null,"waitAndContinueSpecification":null,"promptSpecification":{"maxRetries":4,"allowInterrupt":true,"messageGroupsList":[{"message":{"imageResponseCard":null,"customPayload":null,"plainTextMessage":{"value":"What is your email?"},"ssmlMessage":null},"variations":null}]},"sampleUtterances":null},"multipleValuesSetting":null}