{"name":"last_name","identifier":"E0DKYT9SBN","description":null,"slotTypeName":"AMAZON.LastName","obfuscationSetting":null,"valueElicitationSetting":{"slotConstraint":"Required","defaultValueSpecification":null,"waitAndContinueSpecification":null,"promptSpecification":{"maxRetries":4,"allowInterrupt":true,"messageGroupsList":[{"message":{"imageResponseCard":null,"customPayload":null,"plainTextMessage":{"value":"What is your last name?"},"ssmlMessage":null},"variations":null}]},"sampleUtterances":null},"multipleValuesSetting":null}