{"name":"SpeakToRep","identifier":"IDWFCNFFF8","description":null,"parentIntentSignature":null,"sampleUtterances":[{"utterance":"I would like to speak to a person"},{"utterance":"I need to talk to someone"},{"utterance":"Can I speak with a real person?"}],"intentConfirmationSetting":null,"intentClosingSetting":{"isActive":true,"closingResponse":{"allowInterrupt":null,"messageGroupsList":[{"message":{"imageResponseCard":null,"customPayload":null,"plainTextMessage":{"value":"Thank you I will forward you to a customer representative."},"ssmlMessage":null},"variations":null}]}},"inputContexts":null,"outputContexts":null,"kendraConfiguration":null,"dialogCodeHook":null,"fulfillmentCodeHook":null,"slotPriorities":[]}